{
    "train": {
        "loss": 0.5629185438156128,
        "accuracy": 0.7080000042915344
    },
    "eval": {
        "loss": 0.5175958275794983,
        "accuracy": 0.742943525314331
    },
    "step": 9
}
