step	accuracy
0	0.5977822542190552
1	0.6310483813285828
2	0.6582661271095276
3	0.6965726017951965
4	0.7132056355476379
5	0.7147177457809448
6	0.7056451439857483
7	0.7363911271095276
8	0.7394153475761414
9	0.742943525314331
