step	loss
0	0.6834458112716675
1	0.6499708294868469
2	0.6225571036338806
3	0.5923014879226685
4	0.5617639422416687
5	0.5652928948402405
6	0.5602688193321228
7	0.5300110578536987
8	0.5202353000640869
9	0.5175958275794983
